support,itemsets,length
0.5393442622950819,['forrest gump (1994)'],1
0.519672131147541,"['shawshank redemption, the (1994)']",1
0.5032786885245901,['pulp fiction (1994)'],1
0.45737704918032784,"['silence of the lambs, the (1991)']",1
0.4557377049180328,"['matrix, the (1999)']",1
0.41147540983606556,['star wars: episode iv - a new hope (1977)'],1
0.3901639344262295,['jurassic park (1993)'],1
0.3885245901639344,['braveheart (1995)'],1
0.37868852459016394,"['shawshank redemption, the (1994)', 'forrest gump (1994)']",2
0.3770491803278688,"['pulp fiction (1994)', 'forrest gump (1994)']",2
0.36721311475409835,['terminator 2: judgment day (1991)'],1
0.3639344262295082,"['pulp fiction (1994)', 'shawshank redemption, the (1994)']",2
0.36065573770491804,"[""schindler's list (1993)""]",1
0.35737704918032787,['fight club (1999)'],1
0.3524590163934426,['toy story (1995)'],1
0.34590163934426227,['star wars: episode v - the empire strikes back (1980)'],1
0.33934426229508197,"['silence of the lambs, the (1991)', 'pulp fiction (1994)']",2
0.3344262295081967,['american beauty (1999)'],1
0.3344262295081967,"['usual suspects, the (1995)']",1
0.33278688524590166,['seven (a.k.a. se7en) (1995)'],1
0.33114754098360655,['independence day (a.k.a. id4) (1996)'],1
0.3295081967213115,['apollo 13 (1995)'],1
0.32786885245901637,['raiders of the lost ark (indiana jones and the raiders of the lost ark) (1981)'],1
0.3262295081967213,"['silence of the lambs, the (1991)', 'shawshank redemption, the (1994)']",2
0.3262295081967213,"['silence of the lambs, the (1991)', 'forrest gump (1994)']",2
0.32459016393442625,"['lord of the rings: the fellowship of the ring, the (2001)']",1
0.32459016393442625,"['jurassic park (1993)', 'forrest gump (1994)']",2
0.32131147540983607,['star wars: episode vi - return of the jedi (1983)'],1
0.3180327868852459,"['matrix, the (1999)', 'forrest gump (1994)']",2
0.31475409836065577,"['godfather, the (1972)']",1
0.3114754098360656,"['fugitive, the (1993)']",1
0.3114754098360656,"['star wars: episode v - the empire strikes back (1980)', 'star wars: episode iv - a new hope (1977)']",2
0.30983606557377047,['batman (1989)'],1
0.3081967213114754,['saving private ryan (1998)'],1
0.3081967213114754,"['lord of the rings: the two towers, the (2002)']",1
0.30327868852459017,"['lord of the rings: the return of the king, the (2003)']",1
0.3,"['star wars: episode iv - a new hope (1977)', 'matrix, the (1999)']",2
0.3,['aladdin (1992)'],1
0.3,"['braveheart (1995)', 'forrest gump (1994)']",2
0.2967213114754098,"['matrix, the (1999)', 'shawshank redemption, the (1994)']",2
0.2967213114754098,['fargo (1996)'],1
0.29508196721311475,"['fight club (1999)', 'matrix, the (1999)']",2
0.2934426229508197,"['pulp fiction (1994)', 'shawshank redemption, the (1994)', 'forrest gump (1994)']",3
0.2934426229508197,"['sixth sense, the (1999)']",1
0.29180327868852457,"['pulp fiction (1994)', 'matrix, the (1999)']",2
0.29180327868852457,"['pulp fiction (1994)', 'braveheart (1995)']",2
0.29180327868852457,['true lies (1994)'],1
0.2901639344262295,['twelve monkeys (a.k.a. 12 monkeys) (1995)'],1
0.28688524590163933,"['star wars: episode vi - return of the jedi (1983)', 'star wars: episode iv - a new hope (1977)']",2
0.28524590163934427,"['pulp fiction (1994)', 'seven (a.k.a. se7en) (1995)']",2
0.2836065573770492,"['star wars: episode v - the empire strikes back (1980)', 'matrix, the (1999)']",2
0.2836065573770492,"['pulp fiction (1994)', 'jurassic park (1993)']",2
0.2819672131147541,"['lion king, the (1994)']",1
0.28032786885245903,['back to the future (1985)'],1
0.28032786885245903,['speed (1994)'],1
0.2786885245901639,['shrek (2001)'],1
0.2786885245901639,"['terminator 2: judgment day (1991)', 'forrest gump (1994)']",2
0.2786885245901639,['gladiator (2000)'],1
0.27377049180327867,"['shawshank redemption, the (1994)', 'braveheart (1995)']",2
0.27377049180327867,"['terminator 2: judgment day (1991)', 'jurassic park (1993)']",2
0.2721311475409836,"['lord of the rings: the fellowship of the ring, the (2001)', 'lord of the rings: the two towers, the (2002)']",2
0.27049180327868855,['men in black (a.k.a. mib) (1997)'],1
0.27049180327868855,"['terminator 2: judgment day (1991)', 'pulp fiction (1994)']",2
0.27049180327868855,"['shawshank redemption, the (1994)', ""schindler's list (1993)""]",2
0.27049180327868855,"['apollo 13 (1995)', 'forrest gump (1994)']",2
0.27049180327868855,"['silence of the lambs, the (1991)', 'pulp fiction (1994)', 'shawshank redemption, the (1994)']",3
0.27049180327868855,"['lord of the rings: the fellowship of the ring, the (2001)', 'lord of the rings: the return of the king, the (2003)']",2
0.26885245901639343,"['star wars: episode iv - a new hope (1977)', 'forrest gump (1994)']",2
0.26885245901639343,"['silence of the lambs, the (1991)', 'pulp fiction (1994)', 'forrest gump (1994)']",3
0.26885245901639343,"[""schindler's list (1993)"", 'forrest gump (1994)']",2
0.26885245901639343,['dances with wolves (1990)'],1
0.26721311475409837,"['usual suspects, the (1995)', 'shawshank redemption, the (1994)']",2
0.26557377049180325,"['usual suspects, the (1995)', 'pulp fiction (1994)']",2
0.26557377049180325,['mission: impossible (1996)'],1
0.26557377049180325,"['fight club (1999)', 'shawshank redemption, the (1994)']",2
0.26557377049180325,"['star wars: episode v - the empire strikes back (1980)', 'star wars: episode iv - a new hope (1977)', 'matrix, the (1999)']",3
0.26557377049180325,"['star wars: episode v - the empire strikes back (1980)', 'star wars: episode vi - return of the jedi (1983)']",2
0.2639344262295082,['ace ventura: pet detective (1994)'],1
0.2639344262295082,"['lord of the rings: the two towers, the (2002)', 'lord of the rings: the return of the king, the (2003)']",2
0.2639344262295082,"['jurassic park (1993)', 'braveheart (1995)']",2
0.26229508196721313,"['fight club (1999)', 'forrest gump (1994)']",2
0.26229508196721313,"['silence of the lambs, the (1991)', 'matrix, the (1999)']",2
0.26229508196721313,"['seven (a.k.a. se7en) (1995)', 'forrest gump (1994)']",2
0.260655737704918,['memento (2000)'],1
0.260655737704918,"['star wars: episode iv - a new hope (1977)', 'raiders of the lost ark (indiana jones and the raiders of the lost ark) (1981)']",2
0.25901639344262295,"['pulp fiction (1994)', 'fight club (1999)']",2
0.25901639344262295,"['pulp fiction (1994)', 'jurassic park (1993)', 'forrest gump (1994)']",3
0.2573770491803279,"['mask, the (1994)']",1
0.2573770491803279,"['silence of the lambs, the (1991)', 'jurassic park (1993)']",2
0.2573770491803279,"['lord of the rings: the fellowship of the ring, the (2001)', 'matrix, the (1999)']",2
0.25573770491803277,"['terminator 2: judgment day (1991)', 'braveheart (1995)']",2
0.25573770491803277,"['star wars: episode iv - a new hope (1977)', 'shawshank redemption, the (1994)']",2
0.25573770491803277,"['saving private ryan (1998)', 'matrix, the (1999)']",2
0.2540983606557377,"['silence of the lambs, the (1991)', 'star wars: episode iv - a new hope (1977)']",2
0.2540983606557377,"['silence of the lambs, the (1991)', 'shawshank redemption, the (1994)', 'forrest gump (1994)']",3
0.25245901639344265,"['jurassic park (1993)', 'shawshank redemption, the (1994)']",2
0.25245901639344265,"['star wars: episode v - the empire strikes back (1980)', 'star wars: episode vi - return of the jedi (1983)', 'star wars: episode iv - a new hope (1977)']",3
0.25245901639344265,"['star wars: episode vi - return of the jedi (1983)', 'matrix, the (1999)']",2
0.25245901639344265,"['matrix, the (1999)', 'american beauty (1999)']",2
0.25245901639344265,"['raiders of the lost ark (indiana jones and the raiders of the lost ark) (1981)', 'matrix, the (1999)']",2
0.25245901639344265,"['lord of the rings: the fellowship of the ring, the (2001)', 'lord of the rings: the two towers, the (2002)', 'lord of the rings: the return of the king, the (2003)']",3
0.25245901639344265,"['toy story (1995)', 'forrest gump (1994)']",2
0.25245901639344265,"['pulp fiction (1994)', 'star wars: episode iv - a new hope (1977)']",2
0.24918032786885247,"['sixth sense, the (1999)', 'matrix, the (1999)']",2
0.24918032786885247,"['usual suspects, the (1995)', 'forrest gump (1994)']",2
0.24754098360655738,"['apollo 13 (1995)', 'shawshank redemption, the (1994)']",2
0.24754098360655738,"['pulp fiction (1994)', ""schindler's list (1993)""]",2
0.24754098360655738,"['pulp fiction (1994)', 'apollo 13 (1995)']",2
0.24754098360655738,"['pulp fiction (1994)', 'braveheart (1995)', 'forrest gump (1994)']",3
0.2459016393442623,"['silence of the lambs, the (1991)', 'braveheart (1995)']",2
0.2459016393442623,"['silence of the lambs, the (1991)', 'seven (a.k.a. se7en) (1995)']",2
0.2459016393442623,"['batman (1989)', 'pulp fiction (1994)']",2
0.2442622950819672,['pirates of the caribbean: the curse of the black pearl (2003)'],1
0.2442622950819672,"['dark knight, the (2008)']",1
0.2442622950819672,"['fight club (1999)', 'matrix, the (1999)', 'forrest gump (1994)']",3
0.2442622950819672,"['lord of the rings: the two towers, the (2002)', 'matrix, the (1999)']",2
0.2442622950819672,"['fugitive, the (1993)', 'forrest gump (1994)']",2
0.2442622950819672,"['seven (a.k.a. se7en) (1995)', 'shawshank redemption, the (1994)']",2
0.2442622950819672,"['pulp fiction (1994)', 'american beauty (1999)']",2
0.24262295081967214,"['silence of the lambs, the (1991)', 'terminator 2: judgment day (1991)']",2
0.24262295081967214,"['star wars: episode v - the empire strikes back (1980)', 'raiders of the lost ark (indiana jones and the raiders of the lost ark) (1981)']",2
0.24262295081967214,"['matrix, the (1999)', 'lord of the rings: the return of the king, the (2003)']",2
0.24262295081967214,"['silence of the lambs, the (1991)', ""schindler's list (1993)""]",2
0.24262295081967214,"['star wars: episode v - the empire strikes back (1980)', 'forrest gump (1994)']",2
0.24262295081967214,"['independence day (a.k.a. id4) (1996)', 'forrest gump (1994)']",2
0.24098360655737705,"['matrix, the (1999)', 'shawshank redemption, the (1994)', 'forrest gump (1994)']",3
0.24098360655737705,"['pulp fiction (1994)', 'matrix, the (1999)', 'forrest gump (1994)']",3
0.23934426229508196,['beauty and the beast (1991)'],1
0.23934426229508196,"['terminator 2: judgment day (1991)', 'shawshank redemption, the (1994)']",2
0.23934426229508196,"['batman (1989)', 'forrest gump (1994)']",2
0.23934426229508196,['alien (1979)'],1
0.23770491803278687,"['speed (1994)', 'forrest gump (1994)']",2
0.23770491803278687,['die hard (1988)'],1
0.2360655737704918,"['jurassic park (1993)', 'independence day (a.k.a. id4) (1996)']",2
0.2360655737704918,"['american beauty (1999)', 'forrest gump (1994)']",2
0.2360655737704918,"['terminator 2: judgment day (1991)', 'matrix, the (1999)']",2
0.2360655737704918,"['jurassic park (1993)', 'shawshank redemption, the (1994)', 'forrest gump (1994)']",3
0.2360655737704918,['die hard: with a vengeance (1995)'],1
0.2360655737704918,"['pulp fiction (1994)', 'fargo (1996)']",2
0.2360655737704918,['mrs. doubtfire (1993)'],1
0.2360655737704918,"['lion king, the (1994)', 'forrest gump (1994)']",2
0.2360655737704918,"['fugitive, the (1993)', 'jurassic park (1993)']",2
0.23442622950819672,"['terminator 2: judgment day (1991)', 'pulp fiction (1994)', 'forrest gump (1994)']",3
0.23442622950819672,"['star wars: episode vi - return of the jedi (1983)', 'forrest gump (1994)']",2
0.23442622950819672,"['star wars: episode v - the empire strikes back (1980)', 'star wars: episode iv - a new hope (1977)', 'raiders of the lost ark (indiana jones and the raiders of the lost ark) (1981)']",3
0.23442622950819672,['groundhog day (1993)'],1
0.23442622950819672,['inception (2010)'],1
0.23278688524590163,"['fugitive, the (1993)', 'pulp fiction (1994)']",2
0.23278688524590163,"['braveheart (1995)', 'shawshank redemption, the (1994)', 'forrest gump (1994)']",3
0.23278688524590163,"['pulp fiction (1994)', 'seven (a.k.a. se7en) (1995)', 'forrest gump (1994)']",3
0.23278688524590163,"['princess bride, the (1987)']",1
0.23278688524590163,"['pulp fiction (1994)', 'shawshank redemption, the (1994)', 'braveheart (1995)']",3
0.23114754098360657,"['star wars: episode v - the empire strikes back (1980)', 'star wars: episode vi - return of the jedi (1983)', 'matrix, the (1999)']",3
0.23114754098360657,"['toy story (1995)', 'pulp fiction (1994)']",2
0.23114754098360657,"['aladdin (1992)', 'forrest gump (1994)']",2
0.23114754098360657,"['star wars: episode vi - return of the jedi (1983)', 'star wars: episode iv - a new hope (1977)', 'matrix, the (1999)']",3
0.23114754098360657,['good will hunting (1997)'],1
0.23114754098360657,"['braveheart (1995)', 'jurassic park (1993)', 'forrest gump (1994)']",3
0.23114754098360657,['finding nemo (2003)'],1
0.22950819672131148,"['silence of the lambs, the (1991)', 'fugitive, the (1993)']",2
0.22950819672131148,"['gladiator (2000)', 'matrix, the (1999)']",2
0.22950819672131148,['stargate (1994)'],1
0.22950819672131148,"['fight club (1999)', 'pulp fiction (1994)', 'matrix, the (1999)']",3
0.22950819672131148,"['forrest gump (1994)', 'lord of the rings: the return of the king, the (2003)']",2
0.22950819672131148,"['jurassic park (1993)', 'star wars: episode iv - a new hope (1977)']",2
0.22950819672131148,['titanic (1997)'],1
0.22950819672131148,['star wars: episode i - the phantom menace (1999)'],1
0.22950819672131148,['indiana jones and the last crusade (1989)'],1
0.22950819672131148,"['terminator 2: judgment day (1991)', 'jurassic park (1993)', 'forrest gump (1994)']",3
0.22950819672131148,"['sixth sense, the (1999)', 'forrest gump (1994)']",2
0.22950819672131148,"['batman (1989)', 'jurassic park (1993)']",2
0.2278688524590164,"['star wars: episode v - the empire strikes back (1980)', 'pulp fiction (1994)']",2
0.2278688524590164,"['true lies (1994)', 'forrest gump (1994)']",2
0.2262295081967213,"['lord of the rings: the fellowship of the ring, the (2001)', 'forrest gump (1994)']",2
0.2262295081967213,"['star wars: episode iv - a new hope (1977)', 'independence day (a.k.a. id4) (1996)']",2
0.2262295081967213,"['pulp fiction (1994)', 'seven (a.k.a. se7en) (1995)', 'shawshank redemption, the (1994)']",3
0.2262295081967213,"['saving private ryan (1998)', 'forrest gump (1994)']",2
0.2262295081967213,"['matrix, the (1999)', 'braveheart (1995)']",2
0.2262295081967213,"['jurassic park (1993)', 'apollo 13 (1995)']",2
0.2262295081967213,"['true lies (1994)', 'pulp fiction (1994)']",2
0.22459016393442624,"['star wars: episode v - the empire strikes back (1980)', 'star wars: episode iv - a new hope (1977)', 'forrest gump (1994)']",3
0.22459016393442624,"['silence of the lambs, the (1991)', 'fight club (1999)']",2
0.22459016393442624,"['toy story (1995)', 'shawshank redemption, the (1994)']",2
0.22459016393442624,['batman forever (1995)'],1
0.22459016393442624,"['silence of the lambs, the (1991)', 'american beauty (1999)']",2
0.22459016393442624,"['terminator 2: judgment day (1991)', 'star wars: episode iv - a new hope (1977)']",2
0.22459016393442624,"['speed (1994)', 'jurassic park (1993)']",2
0.22459016393442624,"['fugitive, the (1993)', 'braveheart (1995)']",2
0.22459016393442624,"['silence of the lambs, the (1991)', 'usual suspects, the (1995)']",2
0.22459016393442624,"['silence of the lambs, the (1991)', 'pulp fiction (1994)', 'seven (a.k.a. se7en) (1995)']",3
0.22459016393442624,"['lord of the rings: the fellowship of the ring, the (2001)', 'matrix, the (1999)', 'lord of the rings: the return of the king, the (2003)']",3
0.22459016393442624,"['lord of the rings: the fellowship of the ring, the (2001)', 'fight club (1999)']",2
0.22295081967213115,"['lord of the rings: the fellowship of the ring, the (2001)', 'shawshank redemption, the (1994)']",2
0.22295081967213115,"['usual suspects, the (1995)', 'pulp fiction (1994)', 'shawshank redemption, the (1994)']",3
0.22295081967213115,"['pulp fiction (1994)', 'dances with wolves (1990)']",2
0.22295081967213115,"['back to the future (1985)', 'forrest gump (1994)']",2
0.22295081967213115,"['matrix, the (1999)', 'fight club (1999)', 'shawshank redemption, the (1994)']",3
0.22295081967213115,"['true lies (1994)', 'batman (1989)']",2
0.22295081967213115,"['shawshank redemption, the (1994)', 'lord of the rings: the return of the king, the (2003)']",2
0.22295081967213115,['monty python and the holy grail (1975)'],1
0.22295081967213115,"['silence of the lambs, the (1991)', 'jurassic park (1993)', 'forrest gump (1994)']",3
0.22131147540983606,"['shawshank redemption, the (1994)', 'godfather, the (1972)']",2
0.22131147540983606,"['mrs. doubtfire (1993)', 'forrest gump (1994)']",2
0.22131147540983606,"['terminator 2: judgment day (1991)', 'batman (1989)']",2
0.22131147540983606,"['star wars: episode v - the empire strikes back (1980)', 'star wars: episode vi - return of the jedi (1983)', 'star wars: episode iv - a new hope (1977)', 'matrix, the (1999)']",4
0.22131147540983606,"['matrix, the (1999)', 'godfather, the (1972)']",2
0.22131147540983606,"['terminator 2: judgment day (1991)', 'fugitive, the (1993)']",2
0.22131147540983606,"['silence of the lambs, the (1991)', 'star wars: episode v - the empire strikes back (1980)']",2
0.22131147540983606,"['lord of the rings: the fellowship of the ring, the (2001)', 'lord of the rings: the two towers, the (2002)', 'matrix, the (1999)']",3
0.22131147540983606,['pretty woman (1990)'],1
0.22131147540983606,"['silence of the lambs, the (1991)', 'pulp fiction (1994)', 'shawshank redemption, the (1994)', 'forrest gump (1994)']",4
0.22131147540983606,"['pulp fiction (1994)', 'independence day (a.k.a. id4) (1996)']",2
0.22131147540983606,"['fugitive, the (1993)', 'shawshank redemption, the (1994)']",2
0.21967213114754097,"['shawshank redemption, the (1994)', 'american beauty (1999)']",2
0.21967213114754097,"['pulp fiction (1994)', 'terminator 2: judgment day (1991)', 'jurassic park (1993)']",3
0.21967213114754097,"['fight club (1999)', 'american beauty (1999)']",2
0.21967213114754097,"['lord of the rings: the two towers, the (2002)', 'forrest gump (1994)']",2
0.21967213114754097,"['men in black (a.k.a. mib) (1997)', 'forrest gump (1994)']",2
0.21967213114754097,"['dances with wolves (1990)', 'forrest gump (1994)']",2
0.21967213114754097,"['silence of the lambs, the (1991)', 'fargo (1996)']",2
0.21967213114754097,"['toy story (1995)', 'star wars: episode iv - a new hope (1977)']",2
0.21967213114754097,"['apollo 13 (1995)', 'braveheart (1995)']",2
0.21967213114754097,"['matrix, the (1999)', ""schindler's list (1993)""]",2
0.21967213114754097,"['seven (a.k.a. se7en) (1995)', 'braveheart (1995)']",2
0.21967213114754097,"['men in black (a.k.a. mib) (1997)', 'matrix, the (1999)']",2
0.21967213114754097,"['star wars: episode iv - a new hope (1977)', 'fight club (1999)']",2
0.21967213114754097,"['pulp fiction (1994)', 'jurassic park (1993)', 'shawshank redemption, the (1994)']",3
0.2180327868852459,"['usual suspects, the (1995)', 'pulp fiction (1994)', 'forrest gump (1994)']",3
0.2180327868852459,['léon: the professional (a.k.a. the professional) (léon) (1994)'],1
0.2180327868852459,"['silence of the lambs, the (1991)', 'apollo 13 (1995)']",2
0.2180327868852459,"['silence of the lambs, the (1991)', 'pulp fiction (1994)', 'matrix, the (1999)']",3
0.2180327868852459,"['matrix, the (1999)', 'pulp fiction (1994)', 'shawshank redemption, the (1994)']",3
0.2180327868852459,['x-men (2000)'],1
0.2180327868852459,"[""one flew over the cuckoo's nest (1975)""]",1
0.2180327868852459,['dumb & dumber (dumb and dumber) (1994)'],1
0.2180327868852459,"['star wars: episode v - the empire strikes back (1980)', 'shawshank redemption, the (1994)']",2
0.2180327868852459,"['terminator 2: judgment day (1991)', 'independence day (a.k.a. id4) (1996)']",2
0.2180327868852459,"['lord of the rings: the two towers, the (2002)', 'matrix, the (1999)', 'lord of the rings: the return of the king, the (2003)']",3
0.2180327868852459,"['star wars: episode iv - a new hope (1977)', 'raiders of the lost ark (indiana jones and the raiders of the lost ark) (1981)', 'matrix, the (1999)']",3
0.21639344262295082,"['toy story (1995)', 'jurassic park (1993)']",2
0.21639344262295082,"['jurassic park (1993)', 'matrix, the (1999)']",2
0.21639344262295082,"['monsters, inc. (2001)']",1
0.21639344262295082,"['star wars: episode iv - a new hope (1977)', 'matrix, the (1999)', 'forrest gump (1994)']",3
0.21639344262295082,['goldeneye (1995)'],1
0.21639344262295082,"['star wars: episode iv - a new hope (1977)', 'american beauty (1999)']",2
0.21639344262295082,"['batman (1989)', 'braveheart (1995)']",2
0.21639344262295082,"['pulp fiction (1994)', 'godfather, the (1972)']",2
0.21639344262295082,"['star wars: episode vi - return of the jedi (1983)', 'star wars: episode iv - a new hope (1977)', 'forrest gump (1994)']",3
0.21639344262295082,"['star wars: episode iv - a new hope (1977)', 'godfather, the (1972)']",2
0.21639344262295082,"['seven (a.k.a. se7en) (1995)', 'matrix, the (1999)']",2
0.21475409836065573,"['pulp fiction (1994)', 'apollo 13 (1995)', 'forrest gump (1994)']",3
0.21475409836065573,"['terminator, the (1984)']",1
0.21475409836065573,"['jurassic park (1993)', 'seven (a.k.a. se7en) (1995)']",2
0.21475409836065573,"['pulp fiction (1994)', 'star wars: episode v - the empire strikes back (1980)', 'star wars: episode iv - a new hope (1977)']",3
0.21475409836065573,['reservoir dogs (1992)'],1
0.21475409836065573,['eternal sunshine of the spotless mind (2004)'],1
0.21475409836065573,"[""schindler's list (1993)"", 'shawshank redemption, the (1994)', 'forrest gump (1994)']",3
0.21475409836065573,"['pulp fiction (1994)', 'twelve monkeys (a.k.a. 12 monkeys) (1995)']",2
0.21475409836065573,['kill bill: vol. 1 (2003)'],1
0.21311475409836064,"['terminator 2: judgment day (1991)', 'braveheart (1995)', 'forrest gump (1994)']",3
0.21311475409836064,"['fight club (1999)', 'lord of the rings: the return of the king, the (2003)']",2
0.21311475409836064,"['fight club (1999)', 'shawshank redemption, the (1994)', 'forrest gump (1994)']",3
0.21311475409836064,"['jurassic park (1993)', 'aladdin (1992)']",2
0.21311475409836064,"['pulp fiction (1994)', 'aladdin (1992)']",2
0.21311475409836064,"['lord of the rings: the fellowship of the ring, the (2001)', 'star wars: episode iv - a new hope (1977)']",2
0.21311475409836064,"['speed (1994)', 'pulp fiction (1994)']",2
0.21311475409836064,"['lord of the rings: the fellowship of the ring, the (2001)', 'lord of the rings: the two towers, the (2002)', 'matrix, the (1999)', 'lord of the rings: the return of the king, the (2003)']",4
0.21311475409836064,"['star wars: episode iv - a new hope (1977)', 'saving private ryan (1998)']",2
0.21311475409836064,"['pulp fiction (1994)', 'fight club (1999)', 'forrest gump (1994)']",3
0.21311475409836064,"['pulp fiction (1994)', 'star wars: episode iv - a new hope (1977)', 'matrix, the (1999)']",3
0.21147540983606558,"['godfather: part ii, the (1974)']",1
0.21147540983606558,"['true lies (1994)', 'braveheart (1995)']",2
0.21147540983606558,"['jurassic park (1993)', 'apollo 13 (1995)', 'forrest gump (1994)']",3
0.21147540983606558,"['apollo 13 (1995)', 'shawshank redemption, the (1994)', 'forrest gump (1994)']",3
0.21147540983606558,"['true lies (1994)', 'fugitive, the (1993)']",2
0.21147540983606558,"['lord of the rings: the two towers, the (2002)', 'shawshank redemption, the (1994)']",2
0.21147540983606558,"['matrix, the (1999)', 'shrek (2001)']",2
0.21147540983606558,"['mission: impossible (1996)', 'independence day (a.k.a. id4) (1996)']",2
0.21147540983606558,"['fugitive, the (1993)', 'batman (1989)']",2
0.21147540983606558,"['speed (1994)', 'terminator 2: judgment day (1991)']",2
0.21147540983606558,"['terminator 2: judgment day (1991)', 'star wars: episode v - the empire strikes back (1980)']",2
0.21147540983606558,"['pulp fiction (1994)', 'jurassic park (1993)', 'braveheart (1995)']",3
0.21147540983606558,['american history x (1998)'],1
0.2098360655737705,"['silence of the lambs, the (1991)', 'pulp fiction (1994)', 'braveheart (1995)']",3
0.2098360655737705,"['jurassic park (1993)', 'lion king, the (1994)']",2
0.2098360655737705,"['shrek (2001)', 'forrest gump (1994)']",2
0.2098360655737705,"['star wars: episode iv - a new hope (1977)', 'back to the future (1985)']",2
0.2098360655737705,"['fargo (1996)', 'shawshank redemption, the (1994)']",2
0.2098360655737705,"['silence of the lambs, the (1991)', 'batman (1989)']",2
0.2098360655737705,"['saving private ryan (1998)', 'shawshank redemption, the (1994)']",2
0.2098360655737705,"['sixth sense, the (1999)', 'fight club (1999)']",2
0.2098360655737705,"['independence day (a.k.a. id4) (1996)', 'braveheart (1995)']",2
0.2098360655737705,"['true lies (1994)', 'jurassic park (1993)']",2
0.2098360655737705,"['silence of the lambs, the (1991)', 'jurassic park (1993)', 'pulp fiction (1994)']",3
0.2098360655737705,['babe (1995)'],1
0.2098360655737705,"['godfather, the (1972)', 'forrest gump (1994)']",2
0.2098360655737705,"['pulp fiction (1994)', 'raiders of the lost ark (indiana jones and the raiders of the lost ark) (1981)']",2
0.2098360655737705,"['star wars: episode vi - return of the jedi (1983)', 'jurassic park (1993)']",2
0.2081967213114754,"['silence of the lambs, the (1991)', 'matrix, the (1999)', 'forrest gump (1994)']",3
0.2081967213114754,"['pulp fiction (1994)', 'jurassic park (1993)', 'shawshank redemption, the (1994)', 'forrest gump (1994)']",4
0.2081967213114754,"['star wars: episode v - the empire strikes back (1980)', 'jurassic park (1993)']",2
0.2081967213114754,"['star wars: episode v - the empire strikes back (1980)', 'matrix, the (1999)', 'forrest gump (1994)']",3
0.2081967213114754,"['star wars: episode v - the empire strikes back (1980)', 'star wars: episode iv - a new hope (1977)', 'shawshank redemption, the (1994)']",3
0.2081967213114754,"['silence of the lambs, the (1991)', 'braveheart (1995)', 'forrest gump (1994)']",3
0.2081967213114754,"['silence of the lambs, the (1991)', 'godfather, the (1972)']",2
0.2081967213114754,"['lord of the rings: the two towers, the (2002)', 'fight club (1999)']",2
0.2081967213114754,"['terminator 2: judgment day (1991)', 'shawshank redemption, the (1994)', 'forrest gump (1994)']",3
0.2081967213114754,"['terminator 2: judgment day (1991)', 'jurassic park (1993)', 'braveheart (1995)']",3
0.2081967213114754,"['star wars: episode vi - return of the jedi (1983)', 'raiders of the lost ark (indiana jones and the raiders of the lost ark) (1981)']",2
0.2081967213114754,"['pulp fiction (1994)', 'matrix, the (1999)', 'american beauty (1999)']",3
0.2081967213114754,"['mask, the (1994)', 'forrest gump (1994)']",2
0.2081967213114754,"['fugitive, the (1993)', 'apollo 13 (1995)']",2
0.2081967213114754,"['batman (1989)', 'shawshank redemption, the (1994)']",2
0.2081967213114754,"['pulp fiction (1994)', 'saving private ryan (1998)']",2
0.2081967213114754,"['lion king, the (1994)', 'aladdin (1992)']",2
0.2081967213114754,"['ace ventura: pet detective (1994)', 'forrest gump (1994)']",2
0.20655737704918034,"['pulp fiction (1994)', 'lord of the rings: the fellowship of the ring, the (2001)']",2
0.20655737704918034,"['gladiator (2000)', 'forrest gump (1994)']",2
0.20655737704918034,"['star wars: episode iv - a new hope (1977)', 'fargo (1996)']",2
0.20655737704918034,"['star wars: episode vi - return of the jedi (1983)', 'independence day (a.k.a. id4) (1996)']",2
0.20655737704918034,"['star wars: episode v - the empire strikes back (1980)', 'star wars: episode vi - return of the jedi (1983)', 'forrest gump (1994)']",3
0.20655737704918034,"['matrix, the (1999)', 'star wars: episode iv - a new hope (1977)', 'shawshank redemption, the (1994)']",3
0.20655737704918034,['aliens (1986)'],1
0.20655737704918034,"['star wars: episode iv - a new hope (1977)', 'lord of the rings: the return of the king, the (2003)']",2
0.20655737704918034,"[""schindler's list (1993)"", 'pulp fiction (1994)', 'forrest gump (1994)']",3
0.20655737704918034,"['raiders of the lost ark (indiana jones and the raiders of the lost ark) (1981)', 'forrest gump (1994)']",2
0.20655737704918034,"['usual suspects, the (1995)', 'matrix, the (1999)']",2
0.20655737704918034,"['seven (a.k.a. se7en) (1995)', 'shawshank redemption, the (1994)', 'forrest gump (1994)']",3
0.20655737704918034,"['terminator 2: judgment day (1991)', 'seven (a.k.a. se7en) (1995)']",2
0.20655737704918034,"['silence of the lambs, the (1991)', 'terminator 2: judgment day (1991)', 'pulp fiction (1994)']",3
0.20655737704918034,"['terminator 2: judgment day (1991)', 'pulp fiction (1994)', 'shawshank redemption, the (1994)']",3
0.20655737704918034,"['sixth sense, the (1999)', 'matrix, the (1999)', 'forrest gump (1994)']",3
0.20655737704918034,"['terminator 2: judgment day (1991)', 'star wars: episode vi - return of the jedi (1983)']",2
0.20655737704918034,"['silence of the lambs, the (1991)', 'star wars: episode v - the empire strikes back (1980)', 'star wars: episode iv - a new hope (1977)']",3
0.20655737704918034,['goodfellas (1990)'],1
0.20491803278688525,"['matrix, the (1999)', 'memento (2000)']",2
0.20491803278688525,"['silence of the lambs, the (1991)', 'independence day (a.k.a. id4) (1996)']",2
0.20491803278688525,"['pretty woman (1990)', 'forrest gump (1994)']",2
0.20491803278688525,"['batman (1989)', 'pulp fiction (1994)', 'forrest gump (1994)']",3
0.20491803278688525,"['fight club (1999)', 'lord of the rings: the fellowship of the ring, the (2001)', 'matrix, the (1999)']",3
0.20491803278688525,"['truman show, the (1998)']",1
0.20491803278688525,"['star wars: episode vi - return of the jedi (1983)', 'star wars: episode iv - a new hope (1977)', 'raiders of the lost ark (indiana jones and the raiders of the lost ark) (1981)']",3
0.20491803278688525,"['fugitive, the (1993)', 'jurassic park (1993)', 'forrest gump (1994)']",3
0.20491803278688525,"['mask, the (1994)', 'jurassic park (1993)']",2
0.20491803278688525,"['jurassic park (1993)', 'dances with wolves (1990)']",2
0.20491803278688525,"['pulp fiction (1994)', 'braveheart (1995)', 'shawshank redemption, the (1994)', 'forrest gump (1994)']",4
0.20491803278688525,"['incredibles, the (2004)']",1
0.20491803278688525,"['forrest gump (1994)', 'lord of the rings: the fellowship of the ring, the (2001)', 'lord of the rings: the return of the king, the (2003)']",3
0.20491803278688525,"['fight club (1999)', 'star wars: episode iv - a new hope (1977)', 'matrix, the (1999)']",3
0.20491803278688525,"['godfather: part ii, the (1974)', 'godfather, the (1972)']",2
0.20491803278688525,"['lord of the rings: the fellowship of the ring, the (2001)', 'lord of the rings: the two towers, the (2002)', 'forrest gump (1994)']",3
0.20491803278688525,"['pulp fiction (1994)', 'apollo 13 (1995)', 'shawshank redemption, the (1994)']",3
0.20491803278688525,"['terminator 2: judgment day (1991)', 'apollo 13 (1995)']",2
0.20327868852459016,"['true lies (1994)', 'shawshank redemption, the (1994)']",2
0.20327868852459016,"['silence of the lambs, the (1991)', 'star wars: episode iv - a new hope (1977)', 'pulp fiction (1994)']",3
0.20327868852459016,"['pulp fiction (1994)', 'star wars: episode iv - a new hope (1977)', 'shawshank redemption, the (1994)']",3
0.20327868852459016,"['pulp fiction (1994)', 'star wars: episode iv - a new hope (1977)', 'forrest gump (1994)']",3
0.20327868852459016,"['fight club (1999)', 'pulp fiction (1994)', 'matrix, the (1999)', 'forrest gump (1994)']",4
0.20327868852459016,"['star wars: episode iv - a new hope (1977)', 'braveheart (1995)']",2
0.20327868852459016,"['usual suspects, the (1995)', 'shawshank redemption, the (1994)', 'forrest gump (1994)']",3
0.20327868852459016,"['raiders of the lost ark (indiana jones and the raiders of the lost ark) (1981)', 'shawshank redemption, the (1994)']",2
0.20327868852459016,"['independence day (a.k.a. id4) (1996)', 'matrix, the (1999)']",2
0.20327868852459016,"['independence day (a.k.a. id4) (1996)', 'shawshank redemption, the (1994)']",2
0.20327868852459016,"['batman (1989)', 'jurassic park (1993)', 'forrest gump (1994)']",3
0.20327868852459016,"['star wars: episode v - the empire strikes back (1980)', 'raiders of the lost ark (indiana jones and the raiders of the lost ark) (1981)', 'matrix, the (1999)']",3
0.20327868852459016,"['lord of the rings: the fellowship of the ring, the (2001)', 'shrek (2001)']",2
0.20327868852459016,"['pulp fiction (1994)', 'ace ventura: pet detective (1994)']",2
0.20327868852459016,"['star wars: episode v - the empire strikes back (1980)', 'star wars: episode vi - return of the jedi (1983)', 'raiders of the lost ark (indiana jones and the raiders of the lost ark) (1981)']",3
0.20327868852459016,"['fargo (1996)', 'forrest gump (1994)']",2
0.20327868852459016,"['forrest gump (1994)', 'lord of the rings: the two towers, the (2002)', 'lord of the rings: the return of the king, the (2003)']",3
0.20327868852459016,"['true lies (1994)', 'terminator 2: judgment day (1991)']",2
0.20327868852459016,['blade runner (1982)'],1
0.20163934426229507,"['sixth sense, the (1999)', 'shawshank redemption, the (1994)']",2
0.20163934426229507,"['silence of the lambs, the (1991)', 'saving private ryan (1998)']",2
0.20163934426229507,"['star wars: episode vi - return of the jedi (1983)', 'back to the future (1985)']",2
0.20163934426229507,"['beautiful mind, a (2001)']",1
0.20163934426229507,"['pulp fiction (1994)', 'lion king, the (1994)']",2
0.20163934426229507,"['mask, the (1994)', 'pulp fiction (1994)']",2
0.20163934426229507,"['indiana jones and the last crusade (1989)', 'raiders of the lost ark (indiana jones and the raiders of the lost ark) (1981)']",2
0.20163934426229507,"['star wars: episode vi - return of the jedi (1983)', 'shawshank redemption, the (1994)']",2
0.20163934426229507,"['terminator 2: judgment day (1991)', 'star wars: episode iv - a new hope (1977)', 'star wars: episode v - the empire strikes back (1980)']",3
0.20163934426229507,"['silence of the lambs, the (1991)', 'true lies (1994)']",2
0.20163934426229507,['twister (1996)'],1
0.20163934426229507,"[""schindler's list (1993)"", 'braveheart (1995)']",2
0.20163934426229507,"['jurassic park (1993)', 'independence day (a.k.a. id4) (1996)', 'forrest gump (1994)']",3
0.20163934426229507,"['beauty and the beast (1991)', 'aladdin (1992)']",2
0.20163934426229507,"['fight club (1999)', 'memento (2000)']",2
0.20163934426229507,"['american beauty (1999)', 'matrix, the (1999)', 'forrest gump (1994)']",3
0.20163934426229507,"['star wars: episode v - the empire strikes back (1980)', 'pulp fiction (1994)', 'matrix, the (1999)']",3
0.20163934426229507,"['toy story (1995)', 'matrix, the (1999)']",2
0.20163934426229507,"['star wars: episode iv - a new hope (1977)', 'shawshank redemption, the (1994)', 'forrest gump (1994)']",3
0.2,"['star wars: episode v - the empire strikes back (1980)', 'star wars: episode vi - return of the jedi (1983)', 'star wars: episode iv - a new hope (1977)', 'forrest gump (1994)']",4
0.2,"['star wars: episode v - the empire strikes back (1980)', 'star wars: episode vi - return of the jedi (1983)', 'star wars: episode iv - a new hope (1977)', 'raiders of the lost ark (indiana jones and the raiders of the lost ark) (1981)']",4
0.2,['spider-man (2002)'],1
0.2,"['speed (1994)', 'jurassic park (1993)', 'forrest gump (1994)']",3
0.2,"['star wars: episode v - the empire strikes back (1980)', 'back to the future (1985)']",2
0.2,"['batman (1989)', 'apollo 13 (1995)']",2
0.2,"['star wars: episode v - the empire strikes back (1980)', 'star wars: episode iv - a new hope (1977)', 'raiders of the lost ark (indiana jones and the raiders of the lost ark) (1981)', 'matrix, the (1999)']",4
0.2,"['saving private ryan (1998)', 'braveheart (1995)']",2
0.2,"['pulp fiction (1994)', 'terminator 2: judgment day (1991)', 'jurassic park (1993)', 'forrest gump (1994)']",4
0.2,"['silence of the lambs, the (1991)', 'terminator 2: judgment day (1991)', 'forrest gump (1994)']",3
0.2,"['star wars: episode v - the empire strikes back (1980)', 'fight club (1999)']",2
0.2,"['silence of the lambs, the (1991)', 'raiders of the lost ark (indiana jones and the raiders of the lost ark) (1981)']",2
0.2,"['star wars: episode vi - return of the jedi (1983)', 'pulp fiction (1994)']",2
0.2,"['toy story (1995)', 'independence day (a.k.a. id4) (1996)']",2
0.2,"['silence of the lambs, the (1991)', 'sixth sense, the (1999)']",2
0.2,"['sixth sense, the (1999)', 'pulp fiction (1994)']",2
0.2,"['silence of the lambs, the (1991)', 'star wars: episode vi - return of the jedi (1983)']",2
0.2,"['terminator 2: judgment day (1991)', 'pulp fiction (1994)', 'braveheart (1995)']",3
0.2,"['silence of the lambs, the (1991)', 'usual suspects, the (1995)', 'pulp fiction (1994)']",3
0.2,"['fight club (1999)', 'pulp fiction (1994)', 'shawshank redemption, the (1994)']",3
0.2,"['pulp fiction (1994)', 'lord of the rings: the return of the king, the (2003)']",2
0.2,['e.t. the extra-terrestrial (1982)'],1
